,Best Feature,Magnitude
PC1,s,0.294296
PC2,D,-0.348019
PC3,q,0.355476
PC4,A,0.455585
PC5,q,-0.474856
PC6,i,-0.646004
PC7,F,0.381805
PC8,O,-0.420089
PC9,O,-0.505374
PC10,q,-0.385987
PC11,O,0.497621
